--------------------------------------------------------
--  파일이 생성됨 - 수요일-12월-23-2020   
--------------------------------------------------------
--------------------------------------------------------
--  DDL for Sequence BRANCH_SEQ
--------------------------------------------------------

   CREATE SEQUENCE  "PARK1"."BRANCH_SEQ"  MINVALUE 1 MAXVALUE 9999999999999999999999999999 INCREMENT BY 1 START WITH 241 CACHE 20 NOORDER  NOCYCLE ;
--------------------------------------------------------
--  DDL for Sequence MEMBER_SEQ
--------------------------------------------------------

   CREATE SEQUENCE  "PARK1"."MEMBER_SEQ"  MINVALUE 1 MAXVALUE 9999999999999999999999999999 INCREMENT BY 1 START WITH 201 CACHE 20 NOORDER  NOCYCLE ;
--------------------------------------------------------
--  DDL for Sequence SALE_SEQ
--------------------------------------------------------

   CREATE SEQUENCE  "PARK1"."SALE_SEQ"  MINVALUE 1 MAXVALUE 9999999999999999999999999999 INCREMENT BY 1 START WITH 201 CACHE 20 NOORDER  NOCYCLE ;
--------------------------------------------------------
--  DDL for Table BRANCH
--------------------------------------------------------

  CREATE TABLE "PARK1"."BRANCH" 
   (	"ID" NUMBER(*,0), 
	"NAME" VARCHAR2(20 BYTE), 
	"ADDRESS" VARCHAR2(100 BYTE), 
	"CEO_NAME" VARCHAR2(20 BYTE), 
	"CEO_ID" VARCHAR2(20 BYTE), 
	"CEO_PASSWORD" VARCHAR2(20 BYTE), 
	"IMAGE" BLOB
   ) SEGMENT CREATION IMMEDIATE 
  PCTFREE 10 PCTUSED 40 INITRANS 1 MAXTRANS 255 NOCOMPRESS LOGGING
  STORAGE(INITIAL 65536 NEXT 1048576 MINEXTENTS 1 MAXEXTENTS 2147483645
  PCTINCREASE 0 FREELISTS 1 FREELIST GROUPS 1 BUFFER_POOL DEFAULT FLASH_CACHE DEFAULT CELL_FLASH_CACHE DEFAULT)
  TABLESPACE "SYSTEM" 
 LOB ("IMAGE") STORE AS BASICFILE (
  TABLESPACE "SYSTEM" ENABLE STORAGE IN ROW CHUNK 8192 RETENTION 
  NOCACHE LOGGING 
  STORAGE(INITIAL 65536 NEXT 1048576 MINEXTENTS 1 MAXEXTENTS 2147483645
  PCTINCREASE 0 FREELISTS 1 FREELIST GROUPS 1 BUFFER_POOL DEFAULT FLASH_CACHE DEFAULT CELL_FLASH_CACHE DEFAULT)) ;

   COMMENT ON COLUMN "PARK1"."BRANCH"."ID" IS '지점번호';
   COMMENT ON COLUMN "PARK1"."BRANCH"."NAME" IS '지점명';
   COMMENT ON COLUMN "PARK1"."BRANCH"."ADDRESS" IS '주소';
   COMMENT ON COLUMN "PARK1"."BRANCH"."CEO_NAME" IS '대표자';
   COMMENT ON COLUMN "PARK1"."BRANCH"."CEO_ID" IS '아이디';
   COMMENT ON COLUMN "PARK1"."BRANCH"."CEO_PASSWORD" IS '비밀번호';
   COMMENT ON COLUMN "PARK1"."BRANCH"."IMAGE" IS '이미지';
   COMMENT ON TABLE "PARK1"."BRANCH"  IS '지점';
--------------------------------------------------------
--  DDL for Table CHARGE_PLAN
--------------------------------------------------------

  CREATE TABLE "PARK1"."CHARGE_PLAN" 
   (	"ID" NUMBER(*,0), 
	"BRANCH_ID" NUMBER(*,0), 
	"TIME" VARCHAR2(20 BYTE), 
	"CHARGE" NUMBER
   ) SEGMENT CREATION IMMEDIATE 
  PCTFREE 10 PCTUSED 40 INITRANS 1 MAXTRANS 255 NOCOMPRESS LOGGING
  STORAGE(INITIAL 65536 NEXT 1048576 MINEXTENTS 1 MAXEXTENTS 2147483645
  PCTINCREASE 0 FREELISTS 1 FREELIST GROUPS 1 BUFFER_POOL DEFAULT FLASH_CACHE DEFAULT CELL_FLASH_CACHE DEFAULT)
  TABLESPACE "SYSTEM" ;

   COMMENT ON COLUMN "PARK1"."CHARGE_PLAN"."ID" IS '요금제번호';
   COMMENT ON COLUMN "PARK1"."CHARGE_PLAN"."BRANCH_ID" IS '지점번호';
   COMMENT ON COLUMN "PARK1"."CHARGE_PLAN"."TIME" IS '시간';
   COMMENT ON COLUMN "PARK1"."CHARGE_PLAN"."CHARGE" IS '갸격';
   COMMENT ON TABLE "PARK1"."CHARGE_PLAN"  IS '요금제';
--------------------------------------------------------
--  DDL for Table MEMBER
--------------------------------------------------------

  CREATE TABLE "PARK1"."MEMBER" 
   (	"MEMBER_ID" NUMBER(*,0), 
	"BRANCH_ID" NUMBER(*,0), 
	"PHONE_NUMBER" VARCHAR2(20 BYTE), 
	"CREATE_AT" DATE, 
	"END_TIME" NUMBER(*,0), 
	"GENDER" CHAR(1 BYTE)
   ) SEGMENT CREATION IMMEDIATE 
  PCTFREE 10 PCTUSED 40 INITRANS 1 MAXTRANS 255 NOCOMPRESS LOGGING
  STORAGE(INITIAL 65536 NEXT 1048576 MINEXTENTS 1 MAXEXTENTS 2147483645
  PCTINCREASE 0 FREELISTS 1 FREELIST GROUPS 1 BUFFER_POOL DEFAULT FLASH_CACHE DEFAULT CELL_FLASH_CACHE DEFAULT)
  TABLESPACE "SYSTEM" ;

   COMMENT ON COLUMN "PARK1"."MEMBER"."MEMBER_ID" IS '회원번호';
   COMMENT ON COLUMN "PARK1"."MEMBER"."BRANCH_ID" IS '지점번호';
   COMMENT ON COLUMN "PARK1"."MEMBER"."PHONE_NUMBER" IS '휴대폰번호';
   COMMENT ON COLUMN "PARK1"."MEMBER"."CREATE_AT" IS '생성일';
   COMMENT ON COLUMN "PARK1"."MEMBER"."END_TIME" IS '잔여시간';
   COMMENT ON COLUMN "PARK1"."MEMBER"."GENDER" IS '성별';
   COMMENT ON TABLE "PARK1"."MEMBER"  IS '회원';
--------------------------------------------------------
--  DDL for Table SALE
--------------------------------------------------------

  CREATE TABLE "PARK1"."SALE" 
   (	"ID" NUMBER(*,0), 
	"MEMBER_ID" NUMBER(*,0), 
	"BRANCH_ID" NUMBER(*,0), 
	"CHARGE" VARCHAR2(20 BYTE), 
	"BEGIN_AT" TIMESTAMP (6), 
	"END_AT" TIMESTAMP (6)
   ) SEGMENT CREATION IMMEDIATE 
  PCTFREE 10 PCTUSED 40 INITRANS 1 MAXTRANS 255 NOCOMPRESS LOGGING
  STORAGE(INITIAL 65536 NEXT 1048576 MINEXTENTS 1 MAXEXTENTS 2147483645
  PCTINCREASE 0 FREELISTS 1 FREELIST GROUPS 1 BUFFER_POOL DEFAULT FLASH_CACHE DEFAULT CELL_FLASH_CACHE DEFAULT)
  TABLESPACE "SYSTEM" ;

   COMMENT ON COLUMN "PARK1"."SALE"."ID" IS '매출번호';
   COMMENT ON COLUMN "PARK1"."SALE"."MEMBER_ID" IS '회원번호';
   COMMENT ON COLUMN "PARK1"."SALE"."BRANCH_ID" IS '지점번호';
   COMMENT ON COLUMN "PARK1"."SALE"."CHARGE" IS '매출금';
   COMMENT ON COLUMN "PARK1"."SALE"."BEGIN_AT" IS '시작시간';
   COMMENT ON COLUMN "PARK1"."SALE"."END_AT" IS '종료시간';
   COMMENT ON TABLE "PARK1"."SALE"  IS '매출';
--------------------------------------------------------
--  DDL for Table SIT
--------------------------------------------------------

  CREATE TABLE "PARK1"."SIT" 
   (	"SIT_NUM" NUMBER(*,0), 
	"BRANCH_ID" NUMBER(*,0), 
	"IS_USED" CHAR(1 BYTE), 
	"LOCATION_X" NUMBER(*,0), 
	"LOCATION_Y" NUMBER(*,0), 
	"END_AT" TIMESTAMP (6), 
	"MEMBER_ID" NUMBER(*,0)
   ) SEGMENT CREATION IMMEDIATE 
  PCTFREE 10 PCTUSED 40 INITRANS 1 MAXTRANS 255 NOCOMPRESS LOGGING
  STORAGE(INITIAL 65536 NEXT 1048576 MINEXTENTS 1 MAXEXTENTS 2147483645
  PCTINCREASE 0 FREELISTS 1 FREELIST GROUPS 1 BUFFER_POOL DEFAULT FLASH_CACHE DEFAULT CELL_FLASH_CACHE DEFAULT)
  TABLESPACE "SYSTEM" ;

   COMMENT ON COLUMN "PARK1"."SIT"."SIT_NUM" IS '좌석번호';
   COMMENT ON COLUMN "PARK1"."SIT"."BRANCH_ID" IS '지점번호';
   COMMENT ON COLUMN "PARK1"."SIT"."IS_USED" IS '좌석현황';
   COMMENT ON COLUMN "PARK1"."SIT"."LOCATION_X" IS 'x좌표';
   COMMENT ON COLUMN "PARK1"."SIT"."LOCATION_Y" IS 'y좌표';
   COMMENT ON TABLE "PARK1"."SIT"  IS '좌석';
REM INSERTING into PARK1.BRANCH
SET DEFINE OFF;
Insert into PARK1.BRANCH (ID,NAME,ADDRESS,CEO_NAME,CEO_ID,CEO_PASSWORD) values (201,'강서지점','서울특별시 강서구 화곡1동 367-88 6층','박민규','root','root');
Insert into PARK1.BRANCH (ID,NAME,ADDRESS,CEO_NAME,CEO_ID,CEO_PASSWORD) values (221,'목동지점','서울특별시 양천구 목동 553-2 5층','김희찬','admin','admin');
REM INSERTING into PARK1.CHARGE_PLAN
SET DEFINE OFF;
Insert into PARK1.CHARGE_PLAN (ID,BRANCH_ID,TIME,CHARGE) values (1,201,'day',13000);
Insert into PARK1.CHARGE_PLAN (ID,BRANCH_ID,TIME,CHARGE) values (2,201,'2',3000);
Insert into PARK1.CHARGE_PLAN (ID,BRANCH_ID,TIME,CHARGE) values (3,201,'6',5500);
Insert into PARK1.CHARGE_PLAN (ID,BRANCH_ID,TIME,CHARGE) values (4,201,'9',6500);
Insert into PARK1.CHARGE_PLAN (ID,BRANCH_ID,TIME,CHARGE) values (5,221,'day',13000);
Insert into PARK1.CHARGE_PLAN (ID,BRANCH_ID,TIME,CHARGE) values (6,221,'2',3000);
Insert into PARK1.CHARGE_PLAN (ID,BRANCH_ID,TIME,CHARGE) values (7,221,'6',5500);
Insert into PARK1.CHARGE_PLAN (ID,BRANCH_ID,TIME,CHARGE) values (8,221,'9',6500);
REM INSERTING into PARK1.MEMBER
SET DEFINE OFF;
Insert into PARK1.MEMBER (MEMBER_ID,BRANCH_ID,PHONE_NUMBER,CREATE_AT,END_TIME,GENDER) values (1,201,'01042614444',null,null,null);
Insert into PARK1.MEMBER (MEMBER_ID,BRANCH_ID,PHONE_NUMBER,CREATE_AT,END_TIME,GENDER) values (21,201,'01011111111',to_date('20/11/24','RR/MM/DD'),null,null);
Insert into PARK1.MEMBER (MEMBER_ID,BRANCH_ID,PHONE_NUMBER,CREATE_AT,END_TIME,GENDER) values (22,201,'01022222222',to_date('20/11/24','RR/MM/DD'),null,null);
Insert into PARK1.MEMBER (MEMBER_ID,BRANCH_ID,PHONE_NUMBER,CREATE_AT,END_TIME,GENDER) values (23,201,'01055555555',to_date('20/11/24','RR/MM/DD'),null,null);
Insert into PARK1.MEMBER (MEMBER_ID,BRANCH_ID,PHONE_NUMBER,CREATE_AT,END_TIME,GENDER) values (24,201,'01033333333',to_date('20/11/24','RR/MM/DD'),null,null);
Insert into PARK1.MEMBER (MEMBER_ID,BRANCH_ID,PHONE_NUMBER,CREATE_AT,END_TIME,GENDER) values (25,201,'01077777777',to_date('20/11/24','RR/MM/DD'),null,null);
Insert into PARK1.MEMBER (MEMBER_ID,BRANCH_ID,PHONE_NUMBER,CREATE_AT,END_TIME,GENDER) values (26,201,'01099999999',to_date('20/11/24','RR/MM/DD'),null,null);
Insert into PARK1.MEMBER (MEMBER_ID,BRANCH_ID,PHONE_NUMBER,CREATE_AT,END_TIME,GENDER) values (27,201,'01088888888',to_date('20/11/24','RR/MM/DD'),null,null);
Insert into PARK1.MEMBER (MEMBER_ID,BRANCH_ID,PHONE_NUMBER,CREATE_AT,END_TIME,GENDER) values (28,201,'01044444443',to_date('20/11/24','RR/MM/DD'),null,null);
Insert into PARK1.MEMBER (MEMBER_ID,BRANCH_ID,PHONE_NUMBER,CREATE_AT,END_TIME,GENDER) values (29,201,'01011121111',to_date('20/11/24','RR/MM/DD'),null,null);
Insert into PARK1.MEMBER (MEMBER_ID,BRANCH_ID,PHONE_NUMBER,CREATE_AT,END_TIME,GENDER) values (30,201,'01077777787',to_date('20/11/24','RR/MM/DD'),null,null);
Insert into PARK1.MEMBER (MEMBER_ID,BRANCH_ID,PHONE_NUMBER,CREATE_AT,END_TIME,GENDER) values (41,201,'01078908777',to_date('20/11/26','RR/MM/DD'),null,null);
Insert into PARK1.MEMBER (MEMBER_ID,BRANCH_ID,PHONE_NUMBER,CREATE_AT,END_TIME,GENDER) values (42,201,'01078907890',to_date('20/11/26','RR/MM/DD'),null,null);
Insert into PARK1.MEMBER (MEMBER_ID,BRANCH_ID,PHONE_NUMBER,CREATE_AT,END_TIME,GENDER) values (43,201,'01077787878',to_date('20/11/26','RR/MM/DD'),null,null);
Insert into PARK1.MEMBER (MEMBER_ID,BRANCH_ID,PHONE_NUMBER,CREATE_AT,END_TIME,GENDER) values (44,201,'01042517988',to_date('20/11/26','RR/MM/DD'),null,null);
Insert into PARK1.MEMBER (MEMBER_ID,BRANCH_ID,PHONE_NUMBER,CREATE_AT,END_TIME,GENDER) values (45,201,'01078541254',to_date('20/11/26','RR/MM/DD'),null,null);
Insert into PARK1.MEMBER (MEMBER_ID,BRANCH_ID,PHONE_NUMBER,CREATE_AT,END_TIME,GENDER) values (46,201,'01047477744',to_date('20/11/27','RR/MM/DD'),null,null);
Insert into PARK1.MEMBER (MEMBER_ID,BRANCH_ID,PHONE_NUMBER,CREATE_AT,END_TIME,GENDER) values (47,201,'01044444444',to_date('20/11/27','RR/MM/DD'),null,null);
Insert into PARK1.MEMBER (MEMBER_ID,BRANCH_ID,PHONE_NUMBER,CREATE_AT,END_TIME,GENDER) values (61,201,'01041415569',to_date('20/11/28','RR/MM/DD'),null,null);
Insert into PARK1.MEMBER (MEMBER_ID,BRANCH_ID,PHONE_NUMBER,CREATE_AT,END_TIME,GENDER) values (81,201,'01078980788',to_date('20/11/29','RR/MM/DD'),null,null);
Insert into PARK1.MEMBER (MEMBER_ID,BRANCH_ID,PHONE_NUMBER,CREATE_AT,END_TIME,GENDER) values (82,201,'01052368301',to_date('20/11/30','RR/MM/DD'),null,null);
Insert into PARK1.MEMBER (MEMBER_ID,BRANCH_ID,PHONE_NUMBER,CREATE_AT,END_TIME,GENDER) values (101,201,'01066666666',to_date('20/12/01','RR/MM/DD'),null,null);
Insert into PARK1.MEMBER (MEMBER_ID,BRANCH_ID,PHONE_NUMBER,CREATE_AT,END_TIME,GENDER) values (102,201,'01012344321',to_date('20/12/01','RR/MM/DD'),null,null);
Insert into PARK1.MEMBER (MEMBER_ID,BRANCH_ID,PHONE_NUMBER,CREATE_AT,END_TIME,GENDER) values (121,201,'01026050292',to_date('20/12/07','RR/MM/DD'),null,null);
Insert into PARK1.MEMBER (MEMBER_ID,BRANCH_ID,PHONE_NUMBER,CREATE_AT,END_TIME,GENDER) values (141,221,'01042614444',to_date('20/12/08','RR/MM/DD'),null,null);
Insert into PARK1.MEMBER (MEMBER_ID,BRANCH_ID,PHONE_NUMBER,CREATE_AT,END_TIME,GENDER) values (142,221,'01015915915',to_date('20/12/08','RR/MM/DD'),null,null);
Insert into PARK1.MEMBER (MEMBER_ID,BRANCH_ID,PHONE_NUMBER,CREATE_AT,END_TIME,GENDER) values (161,221,'01044444444',to_date('20/12/09','RR/MM/DD'),null,null);
Insert into PARK1.MEMBER (MEMBER_ID,BRANCH_ID,PHONE_NUMBER,CREATE_AT,END_TIME,GENDER) values (181,201,'01064035525',to_date('20/12/23','RR/MM/DD'),null,null);
REM INSERTING into PARK1.SALE
SET DEFINE OFF;
Insert into PARK1.SALE (ID,MEMBER_ID,BRANCH_ID,CHARGE,BEGIN_AT,END_AT) values (1,21,201,'20000',to_timestamp('20/11/27 14:07:10.000000000','RR/MM/DD HH24:MI:SSXFF'),to_timestamp('20/11/28 14:07:10.000000000','RR/MM/DD HH24:MI:SSXFF'));
Insert into PARK1.SALE (ID,MEMBER_ID,BRANCH_ID,CHARGE,BEGIN_AT,END_AT) values (2,47,201,'20000',to_timestamp('20/11/27 14:28:15.000000000','RR/MM/DD HH24:MI:SSXFF'),to_timestamp('20/11/28 14:28:15.000000000','RR/MM/DD HH24:MI:SSXFF'));
Insert into PARK1.SALE (ID,MEMBER_ID,BRANCH_ID,CHARGE,BEGIN_AT,END_AT) values (3,21,201,'20000',to_timestamp('20/11/27 14:31:39.000000000','RR/MM/DD HH24:MI:SSXFF'),to_timestamp('20/11/28 14:31:39.000000000','RR/MM/DD HH24:MI:SSXFF'));
Insert into PARK1.SALE (ID,MEMBER_ID,BRANCH_ID,CHARGE,BEGIN_AT,END_AT) values (4,21,201,'20000',to_timestamp('20/11/27 14:36:18.000000000','RR/MM/DD HH24:MI:SSXFF'),to_timestamp('20/11/28 14:36:18.000000000','RR/MM/DD HH24:MI:SSXFF'));
Insert into PARK1.SALE (ID,MEMBER_ID,BRANCH_ID,CHARGE,BEGIN_AT,END_AT) values (5,21,201,'20000',to_timestamp('20/11/27 15:02:15.000000000','RR/MM/DD HH24:MI:SSXFF'),to_timestamp('20/11/28 15:02:15.000000000','RR/MM/DD HH24:MI:SSXFF'));
Insert into PARK1.SALE (ID,MEMBER_ID,BRANCH_ID,CHARGE,BEGIN_AT,END_AT) values (6,21,201,'20000',to_timestamp('20/11/27 15:05:03.000000000','RR/MM/DD HH24:MI:SSXFF'),to_timestamp('20/11/28 15:05:03.000000000','RR/MM/DD HH24:MI:SSXFF'));
Insert into PARK1.SALE (ID,MEMBER_ID,BRANCH_ID,CHARGE,BEGIN_AT,END_AT) values (7,21,201,'20000',to_timestamp('20/11/27 15:05:14.000000000','RR/MM/DD HH24:MI:SSXFF'),to_timestamp('20/11/28 15:05:14.000000000','RR/MM/DD HH24:MI:SSXFF'));
Insert into PARK1.SALE (ID,MEMBER_ID,BRANCH_ID,CHARGE,BEGIN_AT,END_AT) values (21,47,201,'20000',to_timestamp('20/11/28 02:50:22.000000000','RR/MM/DD HH24:MI:SSXFF'),to_timestamp('20/11/29 02:50:22.000000000','RR/MM/DD HH24:MI:SSXFF'));
Insert into PARK1.SALE (ID,MEMBER_ID,BRANCH_ID,CHARGE,BEGIN_AT,END_AT) values (22,47,201,'20000',to_timestamp('20/11/28 02:51:44.000000000','RR/MM/DD HH24:MI:SSXFF'),to_timestamp('20/11/29 02:51:44.000000000','RR/MM/DD HH24:MI:SSXFF'));
Insert into PARK1.SALE (ID,MEMBER_ID,BRANCH_ID,CHARGE,BEGIN_AT,END_AT) values (23,47,201,'20000',to_timestamp('20/11/28 02:53:08.000000000','RR/MM/DD HH24:MI:SSXFF'),to_timestamp('20/11/29 02:53:08.000000000','RR/MM/DD HH24:MI:SSXFF'));
Insert into PARK1.SALE (ID,MEMBER_ID,BRANCH_ID,CHARGE,BEGIN_AT,END_AT) values (24,25,201,'20000',to_timestamp('20/11/28 03:07:46.000000000','RR/MM/DD HH24:MI:SSXFF'),to_timestamp('20/11/29 03:07:46.000000000','RR/MM/DD HH24:MI:SSXFF'));
Insert into PARK1.SALE (ID,MEMBER_ID,BRANCH_ID,CHARGE,BEGIN_AT,END_AT) values (25,61,201,'20000',to_timestamp('20/11/28 03:40:49.000000000','RR/MM/DD HH24:MI:SSXFF'),to_timestamp('20/11/29 03:40:49.000000000','RR/MM/DD HH24:MI:SSXFF'));
Insert into PARK1.SALE (ID,MEMBER_ID,BRANCH_ID,CHARGE,BEGIN_AT,END_AT) values (41,47,201,'20000',to_timestamp('20/11/29 21:41:41.000000000','RR/MM/DD HH24:MI:SSXFF'),to_timestamp('20/11/30 21:41:41.000000000','RR/MM/DD HH24:MI:SSXFF'));
Insert into PARK1.SALE (ID,MEMBER_ID,BRANCH_ID,CHARGE,BEGIN_AT,END_AT) values (42,21,201,'20000',to_timestamp('20/11/29 21:42:46.000000000','RR/MM/DD HH24:MI:SSXFF'),to_timestamp('20/11/30 21:42:46.000000000','RR/MM/DD HH24:MI:SSXFF'));
Insert into PARK1.SALE (ID,MEMBER_ID,BRANCH_ID,CHARGE,BEGIN_AT,END_AT) values (43,47,201,'20000',to_timestamp('20/11/29 21:45:34.000000000','RR/MM/DD HH24:MI:SSXFF'),to_timestamp('20/11/30 21:45:34.000000000','RR/MM/DD HH24:MI:SSXFF'));
Insert into PARK1.SALE (ID,MEMBER_ID,BRANCH_ID,CHARGE,BEGIN_AT,END_AT) values (44,21,201,'20000',to_timestamp('20/11/29 21:47:14.000000000','RR/MM/DD HH24:MI:SSXFF'),to_timestamp('20/11/30 21:47:14.000000000','RR/MM/DD HH24:MI:SSXFF'));
Insert into PARK1.SALE (ID,MEMBER_ID,BRANCH_ID,CHARGE,BEGIN_AT,END_AT) values (45,47,201,'20000',to_timestamp('20/11/29 21:48:24.000000000','RR/MM/DD HH24:MI:SSXFF'),to_timestamp('20/11/30 21:48:24.000000000','RR/MM/DD HH24:MI:SSXFF'));
Insert into PARK1.SALE (ID,MEMBER_ID,BRANCH_ID,CHARGE,BEGIN_AT,END_AT) values (46,47,201,'20000',to_timestamp('20/11/29 21:49:45.000000000','RR/MM/DD HH24:MI:SSXFF'),to_timestamp('20/11/30 21:49:45.000000000','RR/MM/DD HH24:MI:SSXFF'));
Insert into PARK1.SALE (ID,MEMBER_ID,BRANCH_ID,CHARGE,BEGIN_AT,END_AT) values (47,47,201,'20000',to_timestamp('20/11/29 21:50:31.000000000','RR/MM/DD HH24:MI:SSXFF'),to_timestamp('20/11/30 21:50:31.000000000','RR/MM/DD HH24:MI:SSXFF'));
Insert into PARK1.SALE (ID,MEMBER_ID,BRANCH_ID,CHARGE,BEGIN_AT,END_AT) values (48,21,201,'20000',to_timestamp('20/11/29 21:57:03.000000000','RR/MM/DD HH24:MI:SSXFF'),to_timestamp('20/11/30 21:57:03.000000000','RR/MM/DD HH24:MI:SSXFF'));
Insert into PARK1.SALE (ID,MEMBER_ID,BRANCH_ID,CHARGE,BEGIN_AT,END_AT) values (49,21,201,'20000',to_timestamp('20/11/29 21:58:06.000000000','RR/MM/DD HH24:MI:SSXFF'),to_timestamp('20/11/30 21:58:06.000000000','RR/MM/DD HH24:MI:SSXFF'));
Insert into PARK1.SALE (ID,MEMBER_ID,BRANCH_ID,CHARGE,BEGIN_AT,END_AT) values (50,21,201,'20000',to_timestamp('20/11/29 21:58:34.000000000','RR/MM/DD HH24:MI:SSXFF'),to_timestamp('20/11/30 21:58:34.000000000','RR/MM/DD HH24:MI:SSXFF'));
Insert into PARK1.SALE (ID,MEMBER_ID,BRANCH_ID,CHARGE,BEGIN_AT,END_AT) values (51,21,201,'20000',to_timestamp('20/11/29 21:59:02.000000000','RR/MM/DD HH24:MI:SSXFF'),to_timestamp('20/11/30 21:59:02.000000000','RR/MM/DD HH24:MI:SSXFF'));
Insert into PARK1.SALE (ID,MEMBER_ID,BRANCH_ID,CHARGE,BEGIN_AT,END_AT) values (52,21,201,'20000',to_timestamp('20/11/29 22:00:09.000000000','RR/MM/DD HH24:MI:SSXFF'),to_timestamp('20/11/30 22:00:09.000000000','RR/MM/DD HH24:MI:SSXFF'));
Insert into PARK1.SALE (ID,MEMBER_ID,BRANCH_ID,CHARGE,BEGIN_AT,END_AT) values (53,21,201,'20000',to_timestamp('20/11/29 22:01:38.000000000','RR/MM/DD HH24:MI:SSXFF'),to_timestamp('20/11/30 22:01:38.000000000','RR/MM/DD HH24:MI:SSXFF'));
Insert into PARK1.SALE (ID,MEMBER_ID,BRANCH_ID,CHARGE,BEGIN_AT,END_AT) values (54,47,201,'20000',to_timestamp('20/11/29 22:07:46.000000000','RR/MM/DD HH24:MI:SSXFF'),to_timestamp('20/11/30 22:07:46.000000000','RR/MM/DD HH24:MI:SSXFF'));
Insert into PARK1.SALE (ID,MEMBER_ID,BRANCH_ID,CHARGE,BEGIN_AT,END_AT) values (55,1,201,'20000',to_timestamp('20/11/29 22:10:17.000000000','RR/MM/DD HH24:MI:SSXFF'),to_timestamp('20/11/30 22:10:17.000000000','RR/MM/DD HH24:MI:SSXFF'));
Insert into PARK1.SALE (ID,MEMBER_ID,BRANCH_ID,CHARGE,BEGIN_AT,END_AT) values (56,47,201,'20000',to_timestamp('20/11/29 22:11:08.000000000','RR/MM/DD HH24:MI:SSXFF'),to_timestamp('20/11/30 22:11:08.000000000','RR/MM/DD HH24:MI:SSXFF'));
Insert into PARK1.SALE (ID,MEMBER_ID,BRANCH_ID,CHARGE,BEGIN_AT,END_AT) values (57,21,201,'20000',to_timestamp('20/11/29 22:43:16.000000000','RR/MM/DD HH24:MI:SSXFF'),to_timestamp('20/11/30 22:43:16.000000000','RR/MM/DD HH24:MI:SSXFF'));
Insert into PARK1.SALE (ID,MEMBER_ID,BRANCH_ID,CHARGE,BEGIN_AT,END_AT) values (58,47,201,'20000',to_timestamp('20/11/29 22:51:59.000000000','RR/MM/DD HH24:MI:SSXFF'),to_timestamp('20/11/30 22:51:59.000000000','RR/MM/DD HH24:MI:SSXFF'));
Insert into PARK1.SALE (ID,MEMBER_ID,BRANCH_ID,CHARGE,BEGIN_AT,END_AT) values (59,47,201,'20000',to_timestamp('20/11/29 22:52:58.000000000','RR/MM/DD HH24:MI:SSXFF'),to_timestamp('20/11/30 22:52:58.000000000','RR/MM/DD HH24:MI:SSXFF'));
Insert into PARK1.SALE (ID,MEMBER_ID,BRANCH_ID,CHARGE,BEGIN_AT,END_AT) values (60,21,201,'20000',to_timestamp('20/11/29 22:54:38.000000000','RR/MM/DD HH24:MI:SSXFF'),to_timestamp('20/11/30 22:54:38.000000000','RR/MM/DD HH24:MI:SSXFF'));
Insert into PARK1.SALE (ID,MEMBER_ID,BRANCH_ID,CHARGE,BEGIN_AT,END_AT) values (61,21,201,'20000',to_timestamp('20/11/29 22:56:36.000000000','RR/MM/DD HH24:MI:SSXFF'),to_timestamp('20/11/30 22:56:36.000000000','RR/MM/DD HH24:MI:SSXFF'));
Insert into PARK1.SALE (ID,MEMBER_ID,BRANCH_ID,CHARGE,BEGIN_AT,END_AT) values (62,47,201,'20000',to_timestamp('20/11/29 22:58:08.000000000','RR/MM/DD HH24:MI:SSXFF'),to_timestamp('20/11/30 22:58:08.000000000','RR/MM/DD HH24:MI:SSXFF'));
Insert into PARK1.SALE (ID,MEMBER_ID,BRANCH_ID,CHARGE,BEGIN_AT,END_AT) values (63,47,201,'20000',to_timestamp('20/11/29 23:05:11.000000000','RR/MM/DD HH24:MI:SSXFF'),to_timestamp('20/11/30 23:05:11.000000000','RR/MM/DD HH24:MI:SSXFF'));
Insert into PARK1.SALE (ID,MEMBER_ID,BRANCH_ID,CHARGE,BEGIN_AT,END_AT) values (64,21,201,'20000',to_timestamp('20/11/29 23:05:42.000000000','RR/MM/DD HH24:MI:SSXFF'),to_timestamp('20/11/30 23:05:42.000000000','RR/MM/DD HH24:MI:SSXFF'));
Insert into PARK1.SALE (ID,MEMBER_ID,BRANCH_ID,CHARGE,BEGIN_AT,END_AT) values (65,81,201,'20000',to_timestamp('20/11/29 23:32:30.000000000','RR/MM/DD HH24:MI:SSXFF'),to_timestamp('20/11/30 23:32:30.000000000','RR/MM/DD HH24:MI:SSXFF'));
Insert into PARK1.SALE (ID,MEMBER_ID,BRANCH_ID,CHARGE,BEGIN_AT,END_AT) values (66,47,201,'20000',to_timestamp('20/11/30 00:02:43.000000000','RR/MM/DD HH24:MI:SSXFF'),to_timestamp('20/12/01 00:02:43.000000000','RR/MM/DD HH24:MI:SSXFF'));
Insert into PARK1.SALE (ID,MEMBER_ID,BRANCH_ID,CHARGE,BEGIN_AT,END_AT) values (67,47,201,'3500',to_timestamp('20/11/30 01:53:23.000000000','RR/MM/DD HH24:MI:SSXFF'),to_timestamp('20/11/30 03:53:23.000000000','RR/MM/DD HH24:MI:SSXFF'));
Insert into PARK1.SALE (ID,MEMBER_ID,BRANCH_ID,CHARGE,BEGIN_AT,END_AT) values (68,47,201,'6000',to_timestamp('20/11/30 02:29:16.000000000','RR/MM/DD HH24:MI:SSXFF'),to_timestamp('20/11/30 06:29:16.000000000','RR/MM/DD HH24:MI:SSXFF'));
Insert into PARK1.SALE (ID,MEMBER_ID,BRANCH_ID,CHARGE,BEGIN_AT,END_AT) values (69,47,201,'20000',to_timestamp('20/11/30 02:49:40.000000000','RR/MM/DD HH24:MI:SSXFF'),to_timestamp('20/12/01 02:49:40.000000000','RR/MM/DD HH24:MI:SSXFF'));
Insert into PARK1.SALE (ID,MEMBER_ID,BRANCH_ID,CHARGE,BEGIN_AT,END_AT) values (70,47,201,'20000',to_timestamp('20/11/30 02:51:27.000000000','RR/MM/DD HH24:MI:SSXFF'),to_timestamp('20/12/01 02:51:27.000000000','RR/MM/DD HH24:MI:SSXFF'));
Insert into PARK1.SALE (ID,MEMBER_ID,BRANCH_ID,CHARGE,BEGIN_AT,END_AT) values (71,82,201,'20000',to_timestamp('20/11/30 03:02:37.000000000','RR/MM/DD HH24:MI:SSXFF'),to_timestamp('20/12/01 03:02:37.000000000','RR/MM/DD HH24:MI:SSXFF'));
Insert into PARK1.SALE (ID,MEMBER_ID,BRANCH_ID,CHARGE,BEGIN_AT,END_AT) values (72,82,201,'8000',to_timestamp('20/11/30 03:03:24.000000000','RR/MM/DD HH24:MI:SSXFF'),to_timestamp('20/11/30 09:03:24.000000000','RR/MM/DD HH24:MI:SSXFF'));
Insert into PARK1.SALE (ID,MEMBER_ID,BRANCH_ID,CHARGE,BEGIN_AT,END_AT) values (73,21,201,'20000',to_timestamp('20/11/30 04:09:32.000000000','RR/MM/DD HH24:MI:SSXFF'),to_timestamp('20/12/01 04:09:32.000000000','RR/MM/DD HH24:MI:SSXFF'));
Insert into PARK1.SALE (ID,MEMBER_ID,BRANCH_ID,CHARGE,BEGIN_AT,END_AT) values (74,47,201,'3500',to_timestamp('20/11/30 04:30:00.000000000','RR/MM/DD HH24:MI:SSXFF'),to_timestamp('20/11/30 06:30:00.000000000','RR/MM/DD HH24:MI:SSXFF'));
Insert into PARK1.SALE (ID,MEMBER_ID,BRANCH_ID,CHARGE,BEGIN_AT,END_AT) values (81,47,201,'20000',to_timestamp('20/12/01 10:41:42.000000000','RR/MM/DD HH24:MI:SSXFF'),to_timestamp('20/12/02 10:41:42.000000000','RR/MM/DD HH24:MI:SSXFF'));
Insert into PARK1.SALE (ID,MEMBER_ID,BRANCH_ID,CHARGE,BEGIN_AT,END_AT) values (82,21,201,'20000',to_timestamp('20/12/01 11:03:22.000000000','RR/MM/DD HH24:MI:SSXFF'),to_timestamp('20/12/02 11:03:22.000000000','RR/MM/DD HH24:MI:SSXFF'));
Insert into PARK1.SALE (ID,MEMBER_ID,BRANCH_ID,CHARGE,BEGIN_AT,END_AT) values (83,25,201,'3500',to_timestamp('20/12/01 11:13:45.000000000','RR/MM/DD HH24:MI:SSXFF'),to_timestamp('20/12/01 13:13:45.000000000','RR/MM/DD HH24:MI:SSXFF'));
Insert into PARK1.SALE (ID,MEMBER_ID,BRANCH_ID,CHARGE,BEGIN_AT,END_AT) values (84,22,201,'3500',to_timestamp('20/12/01 11:38:47.000000000','RR/MM/DD HH24:MI:SSXFF'),to_timestamp('20/12/01 13:38:47.000000000','RR/MM/DD HH24:MI:SSXFF'));
Insert into PARK1.SALE (ID,MEMBER_ID,BRANCH_ID,CHARGE,BEGIN_AT,END_AT) values (85,25,201,'3500',to_timestamp('20/12/01 11:45:49.000000000','RR/MM/DD HH24:MI:SSXFF'),to_timestamp('20/12/01 13:45:49.000000000','RR/MM/DD HH24:MI:SSXFF'));
Insert into PARK1.SALE (ID,MEMBER_ID,BRANCH_ID,CHARGE,BEGIN_AT,END_AT) values (86,101,201,'3500',to_timestamp('20/12/01 11:48:30.000000000','RR/MM/DD HH24:MI:SSXFF'),to_timestamp('20/12/01 13:48:30.000000000','RR/MM/DD HH24:MI:SSXFF'));
Insert into PARK1.SALE (ID,MEMBER_ID,BRANCH_ID,CHARGE,BEGIN_AT,END_AT) values (87,1,201,'3500',to_timestamp('20/12/01 13:15:59.000000000','RR/MM/DD HH24:MI:SSXFF'),to_timestamp('20/12/01 15:15:59.000000000','RR/MM/DD HH24:MI:SSXFF'));
Insert into PARK1.SALE (ID,MEMBER_ID,BRANCH_ID,CHARGE,BEGIN_AT,END_AT) values (88,27,201,'20000',to_timestamp('20/12/01 13:17:59.000000000','RR/MM/DD HH24:MI:SSXFF'),to_timestamp('20/12/02 13:17:59.000000000','RR/MM/DD HH24:MI:SSXFF'));
Insert into PARK1.SALE (ID,MEMBER_ID,BRANCH_ID,CHARGE,BEGIN_AT,END_AT) values (89,102,201,'6000',to_timestamp('20/12/01 13:20:04.000000000','RR/MM/DD HH24:MI:SSXFF'),to_timestamp('20/12/01 17:20:04.000000000','RR/MM/DD HH24:MI:SSXFF'));
Insert into PARK1.SALE (ID,MEMBER_ID,BRANCH_ID,CHARGE,BEGIN_AT,END_AT) values (101,1,201,'3500',to_timestamp('20/12/02 02:34:37.000000000','RR/MM/DD HH24:MI:SSXFF'),to_timestamp('20/12/02 04:34:37.000000000','RR/MM/DD HH24:MI:SSXFF'));
Insert into PARK1.SALE (ID,MEMBER_ID,BRANCH_ID,CHARGE,BEGIN_AT,END_AT) values (121,121,201,'6500',to_timestamp('20/12/07 01:18:45.000000000','RR/MM/DD HH24:MI:SSXFF'),to_timestamp('20/12/07 10:18:45.000000000','RR/MM/DD HH24:MI:SSXFF'));
Insert into PARK1.SALE (ID,MEMBER_ID,BRANCH_ID,CHARGE,BEGIN_AT,END_AT) values (122,47,201,'6500',to_timestamp('20/12/07 01:19:19.000000000','RR/MM/DD HH24:MI:SSXFF'),to_timestamp('20/12/07 10:19:19.000000000','RR/MM/DD HH24:MI:SSXFF'));
Insert into PARK1.SALE (ID,MEMBER_ID,BRANCH_ID,CHARGE,BEGIN_AT,END_AT) values (123,21,201,'13000',to_timestamp('20/12/07 01:20:36.000000000','RR/MM/DD HH24:MI:SSXFF'),to_timestamp('20/12/08 01:20:36.000000000','RR/MM/DD HH24:MI:SSXFF'));
Insert into PARK1.SALE (ID,MEMBER_ID,BRANCH_ID,CHARGE,BEGIN_AT,END_AT) values (124,25,201,'6500',to_timestamp('20/12/07 01:22:29.000000000','RR/MM/DD HH24:MI:SSXFF'),to_timestamp('20/12/07 10:22:29.000000000','RR/MM/DD HH24:MI:SSXFF'));
Insert into PARK1.SALE (ID,MEMBER_ID,BRANCH_ID,CHARGE,BEGIN_AT,END_AT) values (125,22,201,'6500',to_timestamp('20/12/07 01:23:28.000000000','RR/MM/DD HH24:MI:SSXFF'),to_timestamp('20/12/07 10:23:28.000000000','RR/MM/DD HH24:MI:SSXFF'));
Insert into PARK1.SALE (ID,MEMBER_ID,BRANCH_ID,CHARGE,BEGIN_AT,END_AT) values (126,24,201,'6500',to_timestamp('20/12/07 01:26:00.000000000','RR/MM/DD HH24:MI:SSXFF'),to_timestamp('20/12/07 10:26:00.000000000','RR/MM/DD HH24:MI:SSXFF'));
Insert into PARK1.SALE (ID,MEMBER_ID,BRANCH_ID,CHARGE,BEGIN_AT,END_AT) values (141,1,221,'3000',to_timestamp('20/12/08 03:04:58.000000000','RR/MM/DD HH24:MI:SSXFF'),to_timestamp('20/12/08 05:04:58.000000000','RR/MM/DD HH24:MI:SSXFF'));
Insert into PARK1.SALE (ID,MEMBER_ID,BRANCH_ID,CHARGE,BEGIN_AT,END_AT) values (142,1,221,'13000',to_timestamp('20/12/08 03:08:43.000000000','RR/MM/DD HH24:MI:SSXFF'),to_timestamp('20/12/09 03:08:43.000000000','RR/MM/DD HH24:MI:SSXFF'));
Insert into PARK1.SALE (ID,MEMBER_ID,BRANCH_ID,CHARGE,BEGIN_AT,END_AT) values (143,142,221,'6500',to_timestamp('20/12/08 03:20:04.000000000','RR/MM/DD HH24:MI:SSXFF'),to_timestamp('20/12/08 12:20:04.000000000','RR/MM/DD HH24:MI:SSXFF'));
Insert into PARK1.SALE (ID,MEMBER_ID,BRANCH_ID,CHARGE,BEGIN_AT,END_AT) values (161,47,201,'3000',to_timestamp('20/12/09 13:07:23.000000000','RR/MM/DD HH24:MI:SSXFF'),to_timestamp('20/12/09 15:07:23.000000000','RR/MM/DD HH24:MI:SSXFF'));
Insert into PARK1.SALE (ID,MEMBER_ID,BRANCH_ID,CHARGE,BEGIN_AT,END_AT) values (162,47,201,'3000',to_timestamp('20/12/09 13:32:24.000000000','RR/MM/DD HH24:MI:SSXFF'),to_timestamp('20/12/09 15:32:24.000000000','RR/MM/DD HH24:MI:SSXFF'));
Insert into PARK1.SALE (ID,MEMBER_ID,BRANCH_ID,CHARGE,BEGIN_AT,END_AT) values (163,47,201,'13000',to_timestamp('20/12/09 13:33:21.000000000','RR/MM/DD HH24:MI:SSXFF'),to_timestamp('20/12/10 13:33:21.000000000','RR/MM/DD HH24:MI:SSXFF'));
Insert into PARK1.SALE (ID,MEMBER_ID,BRANCH_ID,CHARGE,BEGIN_AT,END_AT) values (164,1,201,'13000',to_timestamp('20/12/09 13:33:34.000000000','RR/MM/DD HH24:MI:SSXFF'),to_timestamp('20/12/10 13:33:34.000000000','RR/MM/DD HH24:MI:SSXFF'));
Insert into PARK1.SALE (ID,MEMBER_ID,BRANCH_ID,CHARGE,BEGIN_AT,END_AT) values (165,47,221,'13000',to_timestamp('20/12/09 14:02:24.000000000','RR/MM/DD HH24:MI:SSXFF'),to_timestamp('20/12/10 14:02:24.000000000','RR/MM/DD HH24:MI:SSXFF'));
Insert into PARK1.SALE (ID,MEMBER_ID,BRANCH_ID,CHARGE,BEGIN_AT,END_AT) values (166,1,201,'13000',to_timestamp('20/12/09 14:04:01.000000000','RR/MM/DD HH24:MI:SSXFF'),to_timestamp('20/12/10 14:04:01.000000000','RR/MM/DD HH24:MI:SSXFF'));
Insert into PARK1.SALE (ID,MEMBER_ID,BRANCH_ID,CHARGE,BEGIN_AT,END_AT) values (167,21,201,'13000',to_timestamp('20/12/09 14:04:40.000000000','RR/MM/DD HH24:MI:SSXFF'),to_timestamp('20/12/10 14:04:40.000000000','RR/MM/DD HH24:MI:SSXFF'));
Insert into PARK1.SALE (ID,MEMBER_ID,BRANCH_ID,CHARGE,BEGIN_AT,END_AT) values (168,25,201,'13000',to_timestamp('20/12/09 14:05:02.000000000','RR/MM/DD HH24:MI:SSXFF'),to_timestamp('20/12/10 14:05:02.000000000','RR/MM/DD HH24:MI:SSXFF'));
Insert into PARK1.SALE (ID,MEMBER_ID,BRANCH_ID,CHARGE,BEGIN_AT,END_AT) values (181,47,201,'3000',to_timestamp('20/12/23 16:33:05.000000000','RR/MM/DD HH24:MI:SSXFF'),to_timestamp('20/12/23 18:33:05.000000000','RR/MM/DD HH24:MI:SSXFF'));
Insert into PARK1.SALE (ID,MEMBER_ID,BRANCH_ID,CHARGE,BEGIN_AT,END_AT) values (182,1,201,'13000',to_timestamp('20/12/23 19:49:03.000000000','RR/MM/DD HH24:MI:SSXFF'),to_timestamp('20/12/24 19:49:03.000000000','RR/MM/DD HH24:MI:SSXFF'));
Insert into PARK1.SALE (ID,MEMBER_ID,BRANCH_ID,CHARGE,BEGIN_AT,END_AT) values (183,181,201,'13000',to_timestamp('20/12/23 19:53:57.000000000','RR/MM/DD HH24:MI:SSXFF'),to_timestamp('20/12/24 19:53:57.000000000','RR/MM/DD HH24:MI:SSXFF'));
REM INSERTING into PARK1.SIT
SET DEFINE OFF;
Insert into PARK1.SIT (SIT_NUM,BRANCH_ID,IS_USED,LOCATION_X,LOCATION_Y,END_AT,MEMBER_ID) values (1,201,'F',320,80,to_timestamp('20/12/09 14:05:16.615646000','RR/MM/DD HH24:MI:SSXFF'),0);
Insert into PARK1.SIT (SIT_NUM,BRANCH_ID,IS_USED,LOCATION_X,LOCATION_Y,END_AT,MEMBER_ID) values (13,201,'F',309,280,to_timestamp('20/12/08 01:20:36.000000000','RR/MM/DD HH24:MI:SSXFF'),0);
Insert into PARK1.SIT (SIT_NUM,BRANCH_ID,IS_USED,LOCATION_X,LOCATION_Y,END_AT,MEMBER_ID) values (14,201,'F',356,280,to_timestamp('20/12/01 13:16:21.000000000','RR/MM/DD HH24:MI:SSXFF'),0);
Insert into PARK1.SIT (SIT_NUM,BRANCH_ID,IS_USED,LOCATION_X,LOCATION_Y,END_AT,MEMBER_ID) values (1,221,'T',343,59,to_timestamp('20/12/10 14:02:24.000000000','RR/MM/DD HH24:MI:SSXFF'),47);
Insert into PARK1.SIT (SIT_NUM,BRANCH_ID,IS_USED,LOCATION_X,LOCATION_Y,END_AT,MEMBER_ID) values (15,201,'F',403,280,to_timestamp('20/12/01 13:20:52.000000000','RR/MM/DD HH24:MI:SSXFF'),0);
Insert into PARK1.SIT (SIT_NUM,BRANCH_ID,IS_USED,LOCATION_X,LOCATION_Y,END_AT,MEMBER_ID) values (2,201,'F',402,56,to_timestamp('20/12/02 10:41:42.000000000','RR/MM/DD HH24:MI:SSXFF'),0);
Insert into PARK1.SIT (SIT_NUM,BRANCH_ID,IS_USED,LOCATION_X,LOCATION_Y,END_AT,MEMBER_ID) values (3,201,'F',448,56,to_timestamp('20/12/07 10:26:00.000000000','RR/MM/DD HH24:MI:SSXFF'),0);
Insert into PARK1.SIT (SIT_NUM,BRANCH_ID,IS_USED,LOCATION_X,LOCATION_Y,END_AT,MEMBER_ID) values (4,201,'F',392,147,to_timestamp('20/12/01 02:51:27.000000000','RR/MM/DD HH24:MI:SSXFF'),0);
Insert into PARK1.SIT (SIT_NUM,BRANCH_ID,IS_USED,LOCATION_X,LOCATION_Y,END_AT,MEMBER_ID) values (5,201,'F',438,147,to_timestamp('20/12/01 02:51:27.000000000','RR/MM/DD HH24:MI:SSXFF'),0);
Insert into PARK1.SIT (SIT_NUM,BRANCH_ID,IS_USED,LOCATION_X,LOCATION_Y,END_AT,MEMBER_ID) values (6,201,'F',486,147,to_timestamp('20/12/01 11:48:46.000000000','RR/MM/DD HH24:MI:SSXFF'),0);
Insert into PARK1.SIT (SIT_NUM,BRANCH_ID,IS_USED,LOCATION_X,LOCATION_Y,END_AT,MEMBER_ID) values (7,201,'F',392,186,to_timestamp('20/12/02 02:30:51.000000000','RR/MM/DD HH24:MI:SSXFF'),0);
Insert into PARK1.SIT (SIT_NUM,BRANCH_ID,IS_USED,LOCATION_X,LOCATION_Y,END_AT,MEMBER_ID) values (8,201,'F',438,186,to_timestamp('20/12/01 02:51:27.000000000','RR/MM/DD HH24:MI:SSXFF'),0);
Insert into PARK1.SIT (SIT_NUM,BRANCH_ID,IS_USED,LOCATION_X,LOCATION_Y,END_AT,MEMBER_ID) values (9,201,'F',486,186,to_timestamp('20/12/01 11:14:03.000000000','RR/MM/DD HH24:MI:SSXFF'),0);
Insert into PARK1.SIT (SIT_NUM,BRANCH_ID,IS_USED,LOCATION_X,LOCATION_Y,END_AT,MEMBER_ID) values (10,201,'F',602,136,to_timestamp('20/12/01 02:51:27.000000000','RR/MM/DD HH24:MI:SSXFF'),0);
Insert into PARK1.SIT (SIT_NUM,BRANCH_ID,IS_USED,LOCATION_X,LOCATION_Y,END_AT,MEMBER_ID) values (11,201,'F',602,178,to_timestamp('20/12/01 13:48:30.000000000','RR/MM/DD HH24:MI:SSXFF'),0);
Insert into PARK1.SIT (SIT_NUM,BRANCH_ID,IS_USED,LOCATION_X,LOCATION_Y,END_AT,MEMBER_ID) values (12,201,'F',602,218,to_timestamp('20/12/01 02:51:27.000000000','RR/MM/DD HH24:MI:SSXFF'),0);
Insert into PARK1.SIT (SIT_NUM,BRANCH_ID,IS_USED,LOCATION_X,LOCATION_Y,END_AT,MEMBER_ID) values (21,201,'F',334,335,to_timestamp('20/12/01 02:51:27.000000000','RR/MM/DD HH24:MI:SSXFF'),0);
Insert into PARK1.SIT (SIT_NUM,BRANCH_ID,IS_USED,LOCATION_X,LOCATION_Y,END_AT,MEMBER_ID) values (22,201,'F',381,335,to_timestamp('20/12/09 14:04:50.000000000','RR/MM/DD HH24:MI:SSXFF'),0);
Insert into PARK1.SIT (SIT_NUM,BRANCH_ID,IS_USED,LOCATION_X,LOCATION_Y,END_AT,MEMBER_ID) values (23,201,'F',428,335,to_timestamp('20/12/10 14:05:02.000000000','RR/MM/DD HH24:MI:SSXFF'),0);
Insert into PARK1.SIT (SIT_NUM,BRANCH_ID,IS_USED,LOCATION_X,LOCATION_Y,END_AT,MEMBER_ID) values (24,201,'F',475,335,to_timestamp('20/12/01 03:02:37.000000000','RR/MM/DD HH24:MI:SSXFF'),0);
Insert into PARK1.SIT (SIT_NUM,BRANCH_ID,IS_USED,LOCATION_X,LOCATION_Y,END_AT,MEMBER_ID) values (25,201,'F',522,335,to_timestamp('20/12/23 18:33:05.000000000','RR/MM/DD HH24:MI:SSXFF'),0);
Insert into PARK1.SIT (SIT_NUM,BRANCH_ID,IS_USED,LOCATION_X,LOCATION_Y,END_AT,MEMBER_ID) values (26,201,'F',569,335,to_timestamp('20/12/07 10:22:29.000000000','RR/MM/DD HH24:MI:SSXFF'),0);
Insert into PARK1.SIT (SIT_NUM,BRANCH_ID,IS_USED,LOCATION_X,LOCATION_Y,END_AT,MEMBER_ID) values (30,201,'F',480,439,to_timestamp('20/12/01 02:51:27.000000000','RR/MM/DD HH24:MI:SSXFF'),0);
Insert into PARK1.SIT (SIT_NUM,BRANCH_ID,IS_USED,LOCATION_X,LOCATION_Y,END_AT,MEMBER_ID) values (16,201,'F',403,280,to_timestamp('20/12/01 02:51:27.000000000','RR/MM/DD HH24:MI:SSXFF'),0);
Insert into PARK1.SIT (SIT_NUM,BRANCH_ID,IS_USED,LOCATION_X,LOCATION_Y,END_AT,MEMBER_ID) values (17,201,'F',450,280,to_timestamp('20/12/01 13:13:45.000000000','RR/MM/DD HH24:MI:SSXFF'),0);
Insert into PARK1.SIT (SIT_NUM,BRANCH_ID,IS_USED,LOCATION_X,LOCATION_Y,END_AT,MEMBER_ID) values (18,201,'F',497,280,to_timestamp('20/12/10 14:04:01.000000000','RR/MM/DD HH24:MI:SSXFF'),0);
Insert into PARK1.SIT (SIT_NUM,BRANCH_ID,IS_USED,LOCATION_X,LOCATION_Y,END_AT,MEMBER_ID) values (19,201,'F',544,280,to_timestamp('20/12/02 11:03:22.000000000','RR/MM/DD HH24:MI:SSXFF'),0);
Insert into PARK1.SIT (SIT_NUM,BRANCH_ID,IS_USED,LOCATION_X,LOCATION_Y,END_AT,MEMBER_ID) values (20,201,'T',287,335,to_timestamp('20/12/24 19:49:03.000000000','RR/MM/DD HH24:MI:SSXFF'),1);
Insert into PARK1.SIT (SIT_NUM,BRANCH_ID,IS_USED,LOCATION_X,LOCATION_Y,END_AT,MEMBER_ID) values (27,201,'F',339,439,to_timestamp('20/12/07 01:36:07.051141000','RR/MM/DD HH24:MI:SSXFF'),0);
Insert into PARK1.SIT (SIT_NUM,BRANCH_ID,IS_USED,LOCATION_X,LOCATION_Y,END_AT,MEMBER_ID) values (28,201,'F',386,439,to_timestamp('20/12/01 02:51:27.000000000','RR/MM/DD HH24:MI:SSXFF'),0);
Insert into PARK1.SIT (SIT_NUM,BRANCH_ID,IS_USED,LOCATION_X,LOCATION_Y,END_AT,MEMBER_ID) values (29,201,'F',433,439,to_timestamp('20/12/01 02:51:27.000000000','RR/MM/DD HH24:MI:SSXFF'),0);
Insert into PARK1.SIT (SIT_NUM,BRANCH_ID,IS_USED,LOCATION_X,LOCATION_Y,END_AT,MEMBER_ID) values (31,201,'F',339,480,to_timestamp('20/12/01 02:51:27.000000000','RR/MM/DD HH24:MI:SSXFF'),0);
Insert into PARK1.SIT (SIT_NUM,BRANCH_ID,IS_USED,LOCATION_X,LOCATION_Y,END_AT,MEMBER_ID) values (32,201,'F',386,480,to_timestamp('20/12/10 13:33:34.000000000','RR/MM/DD HH24:MI:SSXFF'),0);
Insert into PARK1.SIT (SIT_NUM,BRANCH_ID,IS_USED,LOCATION_X,LOCATION_Y,END_AT,MEMBER_ID) values (33,201,'F',433,480,to_timestamp('20/12/01 02:51:27.000000000','RR/MM/DD HH24:MI:SSXFF'),0);
Insert into PARK1.SIT (SIT_NUM,BRANCH_ID,IS_USED,LOCATION_X,LOCATION_Y,END_AT,MEMBER_ID) values (34,201,'F',480,480,to_timestamp('20/12/01 02:51:27.000000000','RR/MM/DD HH24:MI:SSXFF'),0);
Insert into PARK1.SIT (SIT_NUM,BRANCH_ID,IS_USED,LOCATION_X,LOCATION_Y,END_AT,MEMBER_ID) values (35,201,'F',339,556,to_timestamp('20/12/01 02:51:27.000000000','RR/MM/DD HH24:MI:SSXFF'),0);
Insert into PARK1.SIT (SIT_NUM,BRANCH_ID,IS_USED,LOCATION_X,LOCATION_Y,END_AT,MEMBER_ID) values (36,201,'F',386,556,to_timestamp('20/12/01 02:51:27.000000000','RR/MM/DD HH24:MI:SSXFF'),0);
Insert into PARK1.SIT (SIT_NUM,BRANCH_ID,IS_USED,LOCATION_X,LOCATION_Y,END_AT,MEMBER_ID) values (37,201,'F',433,556,to_timestamp('20/12/01 02:51:27.000000000','RR/MM/DD HH24:MI:SSXFF'),0);
Insert into PARK1.SIT (SIT_NUM,BRANCH_ID,IS_USED,LOCATION_X,LOCATION_Y,END_AT,MEMBER_ID) values (38,201,'F',480,556,to_timestamp('20/12/01 02:51:27.000000000','RR/MM/DD HH24:MI:SSXFF'),0);
Insert into PARK1.SIT (SIT_NUM,BRANCH_ID,IS_USED,LOCATION_X,LOCATION_Y,END_AT,MEMBER_ID) values (43,201,'F',339,673,to_timestamp('20/12/01 02:51:27.000000000','RR/MM/DD HH24:MI:SSXFF'),0);
Insert into PARK1.SIT (SIT_NUM,BRANCH_ID,IS_USED,LOCATION_X,LOCATION_Y,END_AT,MEMBER_ID) values (44,201,'F',386,673,to_timestamp('20/12/01 02:51:27.000000000','RR/MM/DD HH24:MI:SSXFF'),0);
Insert into PARK1.SIT (SIT_NUM,BRANCH_ID,IS_USED,LOCATION_X,LOCATION_Y,END_AT,MEMBER_ID) values (45,201,'F',433,673,to_timestamp('20/12/01 02:51:27.000000000','RR/MM/DD HH24:MI:SSXFF'),0);
Insert into PARK1.SIT (SIT_NUM,BRANCH_ID,IS_USED,LOCATION_X,LOCATION_Y,END_AT,MEMBER_ID) values (46,201,'F',480,673,to_timestamp('20/12/01 02:51:27.000000000','RR/MM/DD HH24:MI:SSXFF'),0);
Insert into PARK1.SIT (SIT_NUM,BRANCH_ID,IS_USED,LOCATION_X,LOCATION_Y,END_AT,MEMBER_ID) values (39,201,'F',339,618,to_timestamp('20/12/01 02:51:27.000000000','RR/MM/DD HH24:MI:SSXFF'),0);
Insert into PARK1.SIT (SIT_NUM,BRANCH_ID,IS_USED,LOCATION_X,LOCATION_Y,END_AT,MEMBER_ID) values (40,201,'F',386,618,to_timestamp('20/12/01 02:51:27.000000000','RR/MM/DD HH24:MI:SSXFF'),0);
Insert into PARK1.SIT (SIT_NUM,BRANCH_ID,IS_USED,LOCATION_X,LOCATION_Y,END_AT,MEMBER_ID) values (41,201,'F',433,618,to_timestamp('20/12/01 02:51:27.000000000','RR/MM/DD HH24:MI:SSXFF'),0);
Insert into PARK1.SIT (SIT_NUM,BRANCH_ID,IS_USED,LOCATION_X,LOCATION_Y,END_AT,MEMBER_ID) values (42,201,'F',480,618,to_timestamp('20/12/01 02:51:27.000000000','RR/MM/DD HH24:MI:SSXFF'),0);
Insert into PARK1.SIT (SIT_NUM,BRANCH_ID,IS_USED,LOCATION_X,LOCATION_Y,END_AT,MEMBER_ID) values (47,201,'F',602,397,to_timestamp('20/12/01 02:51:27.000000000','RR/MM/DD HH24:MI:SSXFF'),0);
Insert into PARK1.SIT (SIT_NUM,BRANCH_ID,IS_USED,LOCATION_X,LOCATION_Y,END_AT,MEMBER_ID) values (48,201,'F',602,436,to_timestamp('20/12/01 02:51:27.000000000','RR/MM/DD HH24:MI:SSXFF'),0);
Insert into PARK1.SIT (SIT_NUM,BRANCH_ID,IS_USED,LOCATION_X,LOCATION_Y,END_AT,MEMBER_ID) values (49,201,'F',602,485,to_timestamp('20/12/01 02:51:27.000000000','RR/MM/DD HH24:MI:SSXFF'),0);
Insert into PARK1.SIT (SIT_NUM,BRANCH_ID,IS_USED,LOCATION_X,LOCATION_Y,END_AT,MEMBER_ID) values (50,201,'F',602,524,to_timestamp('20/12/01 02:51:27.000000000','RR/MM/DD HH24:MI:SSXFF'),0);
Insert into PARK1.SIT (SIT_NUM,BRANCH_ID,IS_USED,LOCATION_X,LOCATION_Y,END_AT,MEMBER_ID) values (51,201,'F',602,563,to_timestamp('20/12/01 02:51:27.000000000','RR/MM/DD HH24:MI:SSXFF'),0);
Insert into PARK1.SIT (SIT_NUM,BRANCH_ID,IS_USED,LOCATION_X,LOCATION_Y,END_AT,MEMBER_ID) values (52,201,'F',602,602,to_timestamp('20/12/01 02:51:27.000000000','RR/MM/DD HH24:MI:SSXFF'),0);
Insert into PARK1.SIT (SIT_NUM,BRANCH_ID,IS_USED,LOCATION_X,LOCATION_Y,END_AT,MEMBER_ID) values (53,201,'F',602,651,to_timestamp('20/12/01 02:51:27.000000000','RR/MM/DD HH24:MI:SSXFF'),0);
Insert into PARK1.SIT (SIT_NUM,BRANCH_ID,IS_USED,LOCATION_X,LOCATION_Y,END_AT,MEMBER_ID) values (54,201,'F',602,690,to_timestamp('20/12/01 02:51:27.000000000','RR/MM/DD HH24:MI:SSXFF'),0);
Insert into PARK1.SIT (SIT_NUM,BRANCH_ID,IS_USED,LOCATION_X,LOCATION_Y,END_AT,MEMBER_ID) values (55,201,'F',242,743,to_timestamp('20/12/01 02:51:27.000000000','RR/MM/DD HH24:MI:SSXFF'),0);
Insert into PARK1.SIT (SIT_NUM,BRANCH_ID,IS_USED,LOCATION_X,LOCATION_Y,END_AT,MEMBER_ID) values (56,201,'F',289,743,to_timestamp('20/12/01 02:51:27.000000000','RR/MM/DD HH24:MI:SSXFF'),0);
Insert into PARK1.SIT (SIT_NUM,BRANCH_ID,IS_USED,LOCATION_X,LOCATION_Y,END_AT,MEMBER_ID) values (57,201,'F',336,743,to_timestamp('20/12/01 02:51:27.000000000','RR/MM/DD HH24:MI:SSXFF'),0);
Insert into PARK1.SIT (SIT_NUM,BRANCH_ID,IS_USED,LOCATION_X,LOCATION_Y,END_AT,MEMBER_ID) values (58,201,'F',383,743,to_timestamp('20/12/01 02:51:27.000000000','RR/MM/DD HH24:MI:SSXFF'),0);
Insert into PARK1.SIT (SIT_NUM,BRANCH_ID,IS_USED,LOCATION_X,LOCATION_Y,END_AT,MEMBER_ID) values (59,201,'F',430,743,to_timestamp('20/12/01 02:51:27.000000000','RR/MM/DD HH24:MI:SSXFF'),0);
Insert into PARK1.SIT (SIT_NUM,BRANCH_ID,IS_USED,LOCATION_X,LOCATION_Y,END_AT,MEMBER_ID) values (60,201,'F',477,743,to_timestamp('20/12/01 02:51:27.000000000','RR/MM/DD HH24:MI:SSXFF'),0);
Insert into PARK1.SIT (SIT_NUM,BRANCH_ID,IS_USED,LOCATION_X,LOCATION_Y,END_AT,MEMBER_ID) values (61,201,'F',524,743,to_timestamp('20/12/01 02:51:27.000000000','RR/MM/DD HH24:MI:SSXFF'),0);
Insert into PARK1.SIT (SIT_NUM,BRANCH_ID,IS_USED,LOCATION_X,LOCATION_Y,END_AT,MEMBER_ID) values (62,201,'F',571,743,to_timestamp('20/12/01 02:51:27.000000000','RR/MM/DD HH24:MI:SSXFF'),0);
Insert into PARK1.SIT (SIT_NUM,BRANCH_ID,IS_USED,LOCATION_X,LOCATION_Y,END_AT,MEMBER_ID) values (63,201,'F',64,509,to_timestamp('20/12/01 02:51:27.000000000','RR/MM/DD HH24:MI:SSXFF'),0);
Insert into PARK1.SIT (SIT_NUM,BRANCH_ID,IS_USED,LOCATION_X,LOCATION_Y,END_AT,MEMBER_ID) values (64,201,'F',142,509,to_timestamp('20/12/01 02:51:27.000000000','RR/MM/DD HH24:MI:SSXFF'),0);
Insert into PARK1.SIT (SIT_NUM,BRANCH_ID,IS_USED,LOCATION_X,LOCATION_Y,END_AT,MEMBER_ID) values (65,201,'F',220,509,to_timestamp('20/12/01 02:51:27.000000000','RR/MM/DD HH24:MI:SSXFF'),0);
Insert into PARK1.SIT (SIT_NUM,BRANCH_ID,IS_USED,LOCATION_X,LOCATION_Y,END_AT,MEMBER_ID) values (66,201,'F',64,591,to_timestamp('20/12/01 02:51:27.000000000','RR/MM/DD HH24:MI:SSXFF'),0);
Insert into PARK1.SIT (SIT_NUM,BRANCH_ID,IS_USED,LOCATION_X,LOCATION_Y,END_AT,MEMBER_ID) values (67,201,'F',142,591,to_timestamp('20/12/01 02:51:27.000000000','RR/MM/DD HH24:MI:SSXFF'),0);
Insert into PARK1.SIT (SIT_NUM,BRANCH_ID,IS_USED,LOCATION_X,LOCATION_Y,END_AT,MEMBER_ID) values (68,201,'F',220,591,to_timestamp('20/12/01 02:51:27.000000000','RR/MM/DD HH24:MI:SSXFF'),0);
Insert into PARK1.SIT (SIT_NUM,BRANCH_ID,IS_USED,LOCATION_X,LOCATION_Y,END_AT,MEMBER_ID) values (69,201,'F',142,630,to_timestamp('20/12/01 02:51:27.000000000','RR/MM/DD HH24:MI:SSXFF'),0);
Insert into PARK1.SIT (SIT_NUM,BRANCH_ID,IS_USED,LOCATION_X,LOCATION_Y,END_AT,MEMBER_ID) values (70,201,'F',220,630,to_timestamp('20/12/01 02:51:27.000000000','RR/MM/DD HH24:MI:SSXFF'),0);
Insert into PARK1.SIT (SIT_NUM,BRANCH_ID,IS_USED,LOCATION_X,LOCATION_Y,END_AT,MEMBER_ID) values (71,201,'F',64,707,to_timestamp('20/12/07 10:18:45.000000000','RR/MM/DD HH24:MI:SSXFF'),0);
Insert into PARK1.SIT (SIT_NUM,BRANCH_ID,IS_USED,LOCATION_X,LOCATION_Y,END_AT,MEMBER_ID) values (72,201,'F',142,707,to_timestamp('20/12/07 01:36:04.000000000','RR/MM/DD HH24:MI:SSXFF'),0);
Insert into PARK1.SIT (SIT_NUM,BRANCH_ID,IS_USED,LOCATION_X,LOCATION_Y,END_AT,MEMBER_ID) values (73,201,'T',285,198,to_timestamp('20/12/24 19:53:57.000000000','RR/MM/DD HH24:MI:SSXFF'),181);
Insert into PARK1.SIT (SIT_NUM,BRANCH_ID,IS_USED,LOCATION_X,LOCATION_Y,END_AT,MEMBER_ID) values (2,221,'F',393,59,to_timestamp('20/12/09 03:08:43.000000000','RR/MM/DD HH24:MI:SSXFF'),0);
Insert into PARK1.SIT (SIT_NUM,BRANCH_ID,IS_USED,LOCATION_X,LOCATION_Y,END_AT,MEMBER_ID) values (3,221,'F',304,194,to_timestamp('20/12/08 04:05:38.000000000','RR/MM/DD HH24:MI:SSXFF'),0);
Insert into PARK1.SIT (SIT_NUM,BRANCH_ID,IS_USED,LOCATION_X,LOCATION_Y,END_AT,MEMBER_ID) values (5,221,'F',369,201,to_timestamp('20/12/08 04:05:43.853296000','RR/MM/DD HH24:MI:SSXFF'),0);
Insert into PARK1.SIT (SIT_NUM,BRANCH_ID,IS_USED,LOCATION_X,LOCATION_Y,END_AT,MEMBER_ID) values (4,221,'F',367,140,to_timestamp('20/12/08 04:05:41.000000000','RR/MM/DD HH24:MI:SSXFF'),0);
Insert into PARK1.SIT (SIT_NUM,BRANCH_ID,IS_USED,LOCATION_X,LOCATION_Y,END_AT,MEMBER_ID) values (74,201,'F',285,148,to_timestamp('20/12/09 13:06:33.000000000','RR/MM/DD HH24:MI:SSXFF'),0);
Insert into PARK1.SIT (SIT_NUM,BRANCH_ID,IS_USED,LOCATION_X,LOCATION_Y,END_AT,MEMBER_ID) values (75,201,'F',230,277,to_timestamp('20/12/09 14:06:51.000000000','RR/MM/DD HH24:MI:SSXFF'),0);
Insert into PARK1.SIT (SIT_NUM,BRANCH_ID,IS_USED,LOCATION_X,LOCATION_Y,END_AT,MEMBER_ID) values (76,201,'F',230,327,to_timestamp('20/12/09 14:06:51.000000000','RR/MM/DD HH24:MI:SSXFF'),0);
--------------------------------------------------------
--  DDL for Index BRANCH_PK
--------------------------------------------------------

  CREATE UNIQUE INDEX "PARK1"."BRANCH_PK" ON "PARK1"."BRANCH" ("ID") 
  PCTFREE 10 INITRANS 2 MAXTRANS 255 COMPUTE STATISTICS 
  STORAGE(INITIAL 65536 NEXT 1048576 MINEXTENTS 1 MAXEXTENTS 2147483645
  PCTINCREASE 0 FREELISTS 1 FREELIST GROUPS 1 BUFFER_POOL DEFAULT FLASH_CACHE DEFAULT CELL_FLASH_CACHE DEFAULT)
  TABLESPACE "SYSTEM" ;
--------------------------------------------------------
--  DDL for Index CHARGE_PLAN_PK
--------------------------------------------------------

  CREATE UNIQUE INDEX "PARK1"."CHARGE_PLAN_PK" ON "PARK1"."CHARGE_PLAN" ("ID") 
  PCTFREE 10 INITRANS 2 MAXTRANS 255 COMPUTE STATISTICS 
  STORAGE(INITIAL 65536 NEXT 1048576 MINEXTENTS 1 MAXEXTENTS 2147483645
  PCTINCREASE 0 FREELISTS 1 FREELIST GROUPS 1 BUFFER_POOL DEFAULT FLASH_CACHE DEFAULT CELL_FLASH_CACHE DEFAULT)
  TABLESPACE "SYSTEM" ;
--------------------------------------------------------
--  DDL for Index MEMBER_PK
--------------------------------------------------------

  CREATE UNIQUE INDEX "PARK1"."MEMBER_PK" ON "PARK1"."MEMBER" ("MEMBER_ID") 
  PCTFREE 10 INITRANS 2 MAXTRANS 255 COMPUTE STATISTICS 
  STORAGE(INITIAL 65536 NEXT 1048576 MINEXTENTS 1 MAXEXTENTS 2147483645
  PCTINCREASE 0 FREELISTS 1 FREELIST GROUPS 1 BUFFER_POOL DEFAULT FLASH_CACHE DEFAULT CELL_FLASH_CACHE DEFAULT)
  TABLESPACE "SYSTEM" ;
--------------------------------------------------------
--  DDL for Index SALE_PK
--------------------------------------------------------

  CREATE UNIQUE INDEX "PARK1"."SALE_PK" ON "PARK1"."SALE" ("ID") 
  PCTFREE 10 INITRANS 2 MAXTRANS 255 COMPUTE STATISTICS 
  STORAGE(INITIAL 65536 NEXT 1048576 MINEXTENTS 1 MAXEXTENTS 2147483645
  PCTINCREASE 0 FREELISTS 1 FREELIST GROUPS 1 BUFFER_POOL DEFAULT FLASH_CACHE DEFAULT CELL_FLASH_CACHE DEFAULT)
  TABLESPACE "SYSTEM" ;
--------------------------------------------------------
--  DDL for Index SIT_PK
--------------------------------------------------------

  CREATE UNIQUE INDEX "PARK1"."SIT_PK" ON "PARK1"."SIT" ("SIT_NUM", "BRANCH_ID") 
  PCTFREE 10 INITRANS 2 MAXTRANS 255 COMPUTE STATISTICS 
  STORAGE(INITIAL 65536 NEXT 1048576 MINEXTENTS 1 MAXEXTENTS 2147483645
  PCTINCREASE 0 FREELISTS 1 FREELIST GROUPS 1 BUFFER_POOL DEFAULT FLASH_CACHE DEFAULT CELL_FLASH_CACHE DEFAULT)
  TABLESPACE "SYSTEM" ;
--------------------------------------------------------
--  DDL for Trigger BRANCH_AI_TRG
--------------------------------------------------------

  CREATE OR REPLACE TRIGGER "PARK1"."BRANCH_AI_TRG" 
BEFORE INSERT ON branch 
REFERENCING NEW AS NEW FOR EACH ROW 
BEGIN 
    SELECT branch_SEQ.NEXTVAL
    INTO :NEW.id
    FROM DUAL;
END;

/
ALTER TRIGGER "PARK1"."BRANCH_AI_TRG" ENABLE;
--------------------------------------------------------
--  DDL for Trigger MEMBER_AI_TRG
--------------------------------------------------------

  CREATE OR REPLACE TRIGGER "PARK1"."MEMBER_AI_TRG" 
BEFORE INSERT ON member 
REFERENCING NEW AS NEW FOR EACH ROW 
BEGIN 
    SELECT member_SEQ.NEXTVAL
    INTO :NEW.member_id
    FROM DUAL;
END;

/
ALTER TRIGGER "PARK1"."MEMBER_AI_TRG" ENABLE;
--------------------------------------------------------
--  DDL for Trigger SALE_AI_TRG
--------------------------------------------------------

  CREATE OR REPLACE TRIGGER "PARK1"."SALE_AI_TRG" 
BEFORE INSERT ON sale 
REFERENCING NEW AS NEW FOR EACH ROW 
BEGIN 
    SELECT sale_SEQ.NEXTVAL
    INTO :NEW.id
    FROM DUAL;
END;

/
ALTER TRIGGER "PARK1"."SALE_AI_TRG" ENABLE;
--------------------------------------------------------
--  DDL for Synonymn DUAL
--------------------------------------------------------

  CREATE OR REPLACE PUBLIC SYNONYM "DUAL" FOR "SYS"."DUAL";
--------------------------------------------------------
--  Constraints for Table BRANCH
--------------------------------------------------------

  ALTER TABLE "PARK1"."BRANCH" ADD CONSTRAINT "BRANCH_PK" PRIMARY KEY ("ID")
  USING INDEX PCTFREE 10 INITRANS 2 MAXTRANS 255 COMPUTE STATISTICS 
  STORAGE(INITIAL 65536 NEXT 1048576 MINEXTENTS 1 MAXEXTENTS 2147483645
  PCTINCREASE 0 FREELISTS 1 FREELIST GROUPS 1 BUFFER_POOL DEFAULT FLASH_CACHE DEFAULT CELL_FLASH_CACHE DEFAULT)
  TABLESPACE "SYSTEM"  ENABLE;
  ALTER TABLE "PARK1"."BRANCH" MODIFY ("ID" NOT NULL ENABLE);
--------------------------------------------------------
--  Constraints for Table CHARGE_PLAN
--------------------------------------------------------

  ALTER TABLE "PARK1"."CHARGE_PLAN" ADD CONSTRAINT "CHARGE_PLAN_PK" PRIMARY KEY ("ID")
  USING INDEX PCTFREE 10 INITRANS 2 MAXTRANS 255 COMPUTE STATISTICS 
  STORAGE(INITIAL 65536 NEXT 1048576 MINEXTENTS 1 MAXEXTENTS 2147483645
  PCTINCREASE 0 FREELISTS 1 FREELIST GROUPS 1 BUFFER_POOL DEFAULT FLASH_CACHE DEFAULT CELL_FLASH_CACHE DEFAULT)
  TABLESPACE "SYSTEM"  ENABLE;
  ALTER TABLE "PARK1"."CHARGE_PLAN" MODIFY ("ID" NOT NULL ENABLE);
--------------------------------------------------------
--  Constraints for Table MEMBER
--------------------------------------------------------

  ALTER TABLE "PARK1"."MEMBER" ADD CONSTRAINT "MEMBER_PK" PRIMARY KEY ("MEMBER_ID")
  USING INDEX PCTFREE 10 INITRANS 2 MAXTRANS 255 COMPUTE STATISTICS 
  STORAGE(INITIAL 65536 NEXT 1048576 MINEXTENTS 1 MAXEXTENTS 2147483645
  PCTINCREASE 0 FREELISTS 1 FREELIST GROUPS 1 BUFFER_POOL DEFAULT FLASH_CACHE DEFAULT CELL_FLASH_CACHE DEFAULT)
  TABLESPACE "SYSTEM"  ENABLE;
  ALTER TABLE "PARK1"."MEMBER" MODIFY ("BRANCH_ID" NOT NULL ENABLE);
  ALTER TABLE "PARK1"."MEMBER" MODIFY ("MEMBER_ID" NOT NULL ENABLE);
--------------------------------------------------------
--  Constraints for Table SALE
--------------------------------------------------------

  ALTER TABLE "PARK1"."SALE" ADD CONSTRAINT "SALE_PK" PRIMARY KEY ("ID")
  USING INDEX PCTFREE 10 INITRANS 2 MAXTRANS 255 COMPUTE STATISTICS 
  STORAGE(INITIAL 65536 NEXT 1048576 MINEXTENTS 1 MAXEXTENTS 2147483645
  PCTINCREASE 0 FREELISTS 1 FREELIST GROUPS 1 BUFFER_POOL DEFAULT FLASH_CACHE DEFAULT CELL_FLASH_CACHE DEFAULT)
  TABLESPACE "SYSTEM"  ENABLE;
  ALTER TABLE "PARK1"."SALE" MODIFY ("END_AT" NOT NULL ENABLE);
  ALTER TABLE "PARK1"."SALE" MODIFY ("BEGIN_AT" NOT NULL ENABLE);
  ALTER TABLE "PARK1"."SALE" MODIFY ("CHARGE" NOT NULL ENABLE);
  ALTER TABLE "PARK1"."SALE" MODIFY ("BRANCH_ID" NOT NULL ENABLE);
  ALTER TABLE "PARK1"."SALE" MODIFY ("MEMBER_ID" NOT NULL ENABLE);
  ALTER TABLE "PARK1"."SALE" MODIFY ("ID" NOT NULL ENABLE);
--------------------------------------------------------
--  Constraints for Table SIT
--------------------------------------------------------

  ALTER TABLE "PARK1"."SIT" ADD CONSTRAINT "SIT_PK" PRIMARY KEY ("SIT_NUM", "BRANCH_ID")
  USING INDEX PCTFREE 10 INITRANS 2 MAXTRANS 255 COMPUTE STATISTICS 
  STORAGE(INITIAL 65536 NEXT 1048576 MINEXTENTS 1 MAXEXTENTS 2147483645
  PCTINCREASE 0 FREELISTS 1 FREELIST GROUPS 1 BUFFER_POOL DEFAULT FLASH_CACHE DEFAULT CELL_FLASH_CACHE DEFAULT)
  TABLESPACE "SYSTEM"  ENABLE;
  ALTER TABLE "PARK1"."SIT" MODIFY ("BRANCH_ID" NOT NULL ENABLE);
  ALTER TABLE "PARK1"."SIT" MODIFY ("SIT_NUM" NOT NULL ENABLE);
--------------------------------------------------------
--  Ref Constraints for Table CHARGE_PLAN
--------------------------------------------------------

  ALTER TABLE "PARK1"."CHARGE_PLAN" ADD CONSTRAINT "FK_CHARGE_PLAN_BRANCH_ID_BRANC" FOREIGN KEY ("BRANCH_ID")
	  REFERENCES "PARK1"."BRANCH" ("ID") ENABLE;
--------------------------------------------------------
--  Ref Constraints for Table MEMBER
--------------------------------------------------------

  ALTER TABLE "PARK1"."MEMBER" ADD CONSTRAINT "FK_MEMBER_BRANCH_ID_BRANCH_ID" FOREIGN KEY ("BRANCH_ID")
	  REFERENCES "PARK1"."BRANCH" ("ID") ENABLE;
--------------------------------------------------------
--  Ref Constraints for Table SALE
--------------------------------------------------------

  ALTER TABLE "PARK1"."SALE" ADD CONSTRAINT "FK_SALE_BRANCH_ID_BRANCH_ID" FOREIGN KEY ("BRANCH_ID")
	  REFERENCES "PARK1"."BRANCH" ("ID") ENABLE;
  ALTER TABLE "PARK1"."SALE" ADD CONSTRAINT "FK_SALE_MEMBER_ID_MEMBER_MEMBE" FOREIGN KEY ("MEMBER_ID")
	  REFERENCES "PARK1"."MEMBER" ("MEMBER_ID") ENABLE;
--------------------------------------------------------
--  Ref Constraints for Table SIT
--------------------------------------------------------

  ALTER TABLE "PARK1"."SIT" ADD CONSTRAINT "FK_SIT_BRANCH_ID_BRANCH_ID" FOREIGN KEY ("BRANCH_ID")
	  REFERENCES "PARK1"."BRANCH" ("ID") ENABLE;
